vendor_name,normalized_name
Acme Pvt Ltd,acme
Apex Solutions Private Limited,apex solutions
Blue Dart Express Ltd,blue dart express
Cognizant Technology Solutions,cognizant technology solutions
Dell Technologies Inc,dell technologies
FedEx Express Logistics,fedex express logistics
Godrej Interio Ltd,godrej interio
HCL Technologies Limited,hcl technologies
HP India Sales Pvt Ltd,hp india sales
Infosys Limited,infosys
ITC Infotech India Ltd,itc infotech india
KPMG Advisory Services,kpmg advisory services
Larsen and Toubro Infotech,larsen toubro infotech
Lenovo India Private Limited,lenovo india
MakeMyTrip India Pvt Ltd,makemytrip india
Microsoft India Pvt Ltd,microsoft india
Oracle India Private Limited,oracle india
Persistent Systems Ltd,persistent systems
PwC India Advisory,pwc india advisory
Reliance Retail Limited,reliance retail
Samsung India Electronics,samsung india electronics
Siemens Industry Software,siemens industry software
Tata Consultancy Services,tata consultancy services
Wipro Enterprises Limited,wipro enterprises
Zoho Corporation Pvt Ltd,zoho
